{
  "train_losses": [
    2.2294054211846297,
    0.6172291559392008,
    0.37888336823932056,
    0.44908196809862194,
    0.28569390422439783,
    0.060686082852294806,
    0.09314657714426645,
    0.06182498043876719,
    0.039233682984245365,
    0.3352537387436314,
    0.005030075012286786,
    0.0017326763754759856,
    0.03528588814346039,
    0.0984046411879184,
    0.36849342514198785,
    0.13312798324603073,
    0.15106141427782732,
    0.13896923255404167,
    0.3819085025320889,
    0.1778973026212043,
    0.09218818122475808
  ],
  "val_losses": [
    0.7132362835109234,
    0.5040444964542985,
    0.24815802689408883,
    0.06008229637518525,
    0.04081759531982243,
    0.03814823739230633,
    0.18608376383781433,
    0.030752740335628914,
    0.02978589433405432,
    0.032844625660800375,
    0.01733280375128743,
    0.019821843585305032,
    0.025338082014059182,
    0.16488452930943306,
    0.13135330864895423,
    0.09306013460445683,
    0.039568665565186775,
    0.020190549719700357,
    5.298110587928455,
    0.02631906608871759,
    0.03835395954652654
  ],
  "train_accuracies": [
    73.1924360400445,
    82.5361512791991,
    84.9833147942158,
    89.76640711902114,
    91.10122358175751,
    94.6607341490545,
    94.54949944382648,
    97.66407119021135,
    98.5539488320356,
    98.99888765294772,
    99.33259176863181,
    99.55506117908787,
    97.66407119021135,
    96.7741935483871,
    96.32925472747498,
    96.21802002224695,
    96.55172413793103,
    94.9944382647386,
    97.55283648498332,
    97.8865406006674,
    97.8865406006674
  ],
  "val_accuracies": [
    84.44444444444444,
    85.33333333333333,
    90.22222222222223,
    93.33333333333333,
    93.33333333333333,
    92.88888888888889,
    92.0,
    97.33333333333333,
    96.88888888888889,
    96.44444444444444,
    98.22222222222223,
    98.66666666666667,
    96.0,
    92.88888888888889,
    93.77777777777777,
    91.11111111111111,
    94.22222222222223,
    97.33333333333333,
    92.88888888888889,
    96.0,
    97.33333333333333
  ],
  "config": {
    "data_dir": "augmented_dataset",
    "model": {
      "model_name": "efficientnet_b3",
      "num_classes": 2,
      "dropout_rate": 0.3,
      "use_attention": true
    },
    "batch_size": 32,
    "epochs": 50,
    "learning_rate": 0.001,
    "weight_decay": 0.01,
    "optimizer": "adamw",
    "scheduler": "cosine",
    "loss_function": "focal",
    "early_stopping_patience": 10,
    "num_workers": 4
  }
}